,index,type,Qubits,budget,res_type,seed,abs_error,description
0,0,UNITED,4,100000,abs_error,28,0.23356909072458087,3nlsp_full
1,1,UNITED,4,1000000,abs_error,28,0.06172392198950771,3nlsp_full
2,2,UNITED,4,100000000,abs_error,28,0.00886324948451156,3nlsp_full
3,3,UNITED,4,10000000000,abs_error,28,0.0011120565006406125,3nlsp_full
4,4,UNITED,6,100000,abs_error,28,0.2629848414913275,3nlsp_full
5,5,UNITED,6,1000000,abs_error,28,0.06801750564354692,3nlsp_full
6,6,UNITED,6,100000000,abs_error,28,0.008369077346969123,3nlsp_full
7,7,UNITED,6,10000000000,abs_error,28,0.002622740443856575,3nlsp_full
8,8,UNITED,8,100000,abs_error,28,0.1988987708749108,3nlsp_full
9,9,UNITED,8,1000000,abs_error,28,0.10526862271529658,3nlsp_full
10,10,UNITED,8,100000000,abs_error,28,0.02426852600971796,3nlsp_full
11,11,UNITED,8,10000000000,abs_error,28,0.01033231929175038,3nlsp_full
12,12,UNITED,10,100000,abs_error,28,0.5912562178603762,3nlsp_full
13,13,UNITED,10,1000000,abs_error,28,0.22828772912942974,3nlsp_full
14,14,UNITED,10,100000000,abs_error,28,0.05645422040828885,3nlsp_full
15,15,UNITED,10,10000000000,abs_error,28,0.02183465234114823,3nlsp_full
16,16,VD,4,100000,abs_error,28,0.007907979870854676,3nlsp_full
17,17,VD,4,1000000,abs_error,28,0.0048851510840589585,3nlsp_full
18,18,VD,4,100000000,abs_error,28,0.0017388706904958307,3nlsp_full
19,19,VD,4,10000000000,abs_error,28,0.0020298596725442097,3nlsp_full
20,20,VD,6,100000,abs_error,28,0.009334859151548497,3nlsp_full
21,21,VD,6,1000000,abs_error,28,0.011700462091837616,3nlsp_full
22,22,VD,6,100000000,abs_error,28,0.006809793887397442,3nlsp_full
23,23,VD,6,10000000000,abs_error,28,0.007874384063060846,3nlsp_full
24,24,VD,8,100000,abs_error,28,0.038720869499452304,3nlsp_full
25,25,VD,8,1000000,abs_error,28,0.028636130020805783,3nlsp_full
26,26,VD,8,100000000,abs_error,28,0.01766896806589295,3nlsp_full
27,27,VD,8,10000000000,abs_error,28,0.0168881266421856,3nlsp_full
28,28,VD,10,100000,abs_error,28,0.20943752915968683,3nlsp_full
29,29,VD,10,1000000,abs_error,28,0.10180804811248362,3nlsp_full
30,30,VD,10,100000000,abs_error,28,0.0188078258439619,3nlsp_full
31,31,VD,10,10000000000,abs_error,28,0.025539899058543813,3nlsp_full
32,32,ZNE,4,100000,abs_error,28,0.01919999999990507,3nlsp_full
33,33,ZNE,4,1000000,abs_error,28,0.019663999999905313,3nlsp_full
34,34,ZNE,4,100000000,abs_error,28,0.02081063999990529,3nlsp_full
35,35,ZNE,4,10000000000,abs_error,28,0.02068507559990518,3nlsp_full
36,36,ZNE,6,100000,abs_error,28,0.13510554021469912,3nlsp_full
37,37,ZNE,6,1000000,abs_error,28,0.12883754021469906,3nlsp_full
38,38,ZNE,6,100000000,abs_error,28,0.12817130021469902,3nlsp_full
39,39,ZNE,6,10000000000,abs_error,28,0.12817163021469902,3nlsp_full
40,40,ZNE,8,100000,abs_error,28,0.13891359587277508,3nlsp_full
41,41,ZNE,8,1000000,abs_error,28,0.13534959587277517,3nlsp_full
42,42,ZNE,8,100000000,abs_error,28,0.13402327587277507,3nlsp_full
43,43,ZNE,8,10000000000,abs_error,28,0.13399112587277506,3nlsp_full
44,44,ZNE,10,100000,abs_error,28,0.28970442465878377,3nlsp_full
45,45,ZNE,10,1000000,abs_error,28,0.2949604246587839,3nlsp_full
46,46,ZNE,10,100000000,abs_error,28,0.294213144658784,3nlsp_full
47,47,ZNE,10,10000000000,abs_error,28,0.29388672985878406,3nlsp_full
48,48,noisy,4,100000,abs_error,28,0.13507999999990516,3nlsp_full
49,49,noisy,4,1000000,abs_error,28,0.13436399999990523,3nlsp_full
50,50,noisy,4,100000000,abs_error,28,0.13461979999990525,3nlsp_full
51,51,noisy,4,10000000000,abs_error,28,0.13456642959990517,3nlsp_full
52,52,noisy,6,100000,abs_error,28,0.3583455402146991,3nlsp_full
53,53,noisy,6,1000000,abs_error,28,0.35396554021469906,3nlsp_full
54,54,noisy,6,100000000,abs_error,28,0.35306322021469905,3nlsp_full
55,55,noisy,6,10000000000,abs_error,28,0.3530621594086758,3nlsp_full
56,56,noisy,8,100000,abs_error,28,0.36623359587277504,3nlsp_full
57,57,noisy,8,1000000,abs_error,28,0.3629655958727751,3nlsp_full
58,58,noisy,8,100000000,abs_error,28,0.36197771587277505,3nlsp_full
59,59,noisy,8,10000000000,abs_error,28,0.36196838878781246,3nlsp_full
60,60,noisy,10,100000,abs_error,28,0.5129044246587838,3nlsp_full
61,61,noisy,10,1000000,abs_error,28,0.5171844246587839,3nlsp_full
62,62,noisy,10,100000000,abs_error,28,0.5174164646587839,3nlsp_full
63,63,noisy,10,10000000000,abs_error,28,0.5172955845687123,3nlsp_full
64,64,vnCDR,4,100000,abs_error,28,0.10828671884511454,3nlsp_full
65,65,vnCDR,4,1000000,abs_error,28,0.019105034055179715,3nlsp_full
66,66,vnCDR,4,100000000,abs_error,28,0.0029973248459853608,3nlsp_full
67,67,vnCDR,4,10000000000,abs_error,28,0.0008389108048282301,3nlsp_full
68,68,vnCDR,6,100000,abs_error,28,0.15376277491174584,3nlsp_full
69,69,vnCDR,6,1000000,abs_error,28,0.06183334650838068,3nlsp_full
70,70,vnCDR,6,100000000,abs_error,28,0.005881017536322974,3nlsp_full
71,71,vnCDR,6,10000000000,abs_error,28,0.005399326891518674,3nlsp_full
72,72,vnCDR,8,100000,abs_error,28,0.17776459750902684,3nlsp_full
73,73,vnCDR,8,1000000,abs_error,28,0.04103450772133155,3nlsp_full
74,74,vnCDR,8,100000000,abs_error,28,0.02674275780897406,3nlsp_full
75,75,vnCDR,8,10000000000,abs_error,28,0.026799951117480125,3nlsp_full
76,76,vnCDR,10,100000,abs_error,28,0.22992521977775182,3nlsp_full
77,77,vnCDR,10,1000000,abs_error,28,0.10747655221418362,3nlsp_full
78,78,vnCDR,10,100000000,abs_error,28,0.05691236392601162,3nlsp_full
79,79,vnCDR,10,10000000000,abs_error,28,0.06253964668731393,3nlsp_full
