,index,type,Qubits,budget,res_type,seed,abs_error,description
0,0,UNITED,8,100000,abs_error,28,0.1988987708749108,3nlsp_full
1,1,UNITED,8,1000000,abs_error,28,0.10526862271529658,3nlsp_full
2,2,UNITED,8,10000000,abs_error,28,0.09415015658930503,3nlsp_full
3,3,UNITED,8,100000000,abs_error,28,0.02426852600971796,3nlsp_full
4,4,UNITED,8,1000000000,abs_error,28,0.015601075691037636,3nlsp_full
5,5,UNITED,8,10000000000,abs_error,28,0.01033231929175038,3nlsp_full
6,6,VD,8,100000,abs_error,28,0.038720869499452304,3nlsp_full
7,7,VD,8,1000000,abs_error,28,0.028636130020805783,3nlsp_full
8,8,VD,8,10000000,abs_error,28,0.01982705974502484,3nlsp_full
9,9,VD,8,100000000,abs_error,28,0.01766896806589295,3nlsp_full
10,10,VD,8,1000000000,abs_error,28,0.016771766272560384,3nlsp_full
11,11,VD,8,10000000000,abs_error,28,0.0168881266421856,3nlsp_full
12,12,ZNE,8,100000,abs_error,28,0.13891359587277508,3nlsp_full
13,13,ZNE,8,1000000,abs_error,28,0.13534959587277517,3nlsp_full
14,14,ZNE,8,10000000,abs_error,28,0.1332771958727751,3nlsp_full
15,15,ZNE,8,100000000,abs_error,28,0.13402327587277507,3nlsp_full
16,16,ZNE,8,1000000000,abs_error,28,0.13407474787277507,3nlsp_full
17,17,ZNE,8,10000000000,abs_error,28,0.13399112587277506,3nlsp_full
18,18,noisy,8,100000,abs_error,28,0.36623359587277504,3nlsp_full
19,19,noisy,8,1000000,abs_error,28,0.3629655958727751,3nlsp_full
20,20,noisy,8,10000000,abs_error,28,0.3614743958727751,3nlsp_full
21,21,noisy,8,100000000,abs_error,28,0.36197771587277505,3nlsp_full
22,22,noisy,8,1000000000,abs_error,28,0.36200365587277505,3nlsp_full
23,23,noisy,8,10000000000,abs_error,28,0.36196838878781246,3nlsp_full
24,24,vnCDR,8,100000,abs_error,28,0.17776459750902684,3nlsp_full
25,25,vnCDR,8,1000000,abs_error,28,0.04103450772133155,3nlsp_full
26,26,vnCDR,8,10000000,abs_error,28,0.029257538876333977,3nlsp_full
27,27,vnCDR,8,100000000,abs_error,28,0.02674275780897406,3nlsp_full
28,28,vnCDR,8,1000000000,abs_error,28,0.026031410915202557,3nlsp_full
29,29,vnCDR,8,10000000000,abs_error,28,0.026799951117480125,3nlsp_full
